,open,high,low,close,volume,pre_close,p_change,date,date_week,key,atr21,atr14
2017-01-17,236.7,239.96,234.37,235.58,4617522,237.75,-0.9129999999999999,20170117,1,0,5.590000000000003,5.590000000000003
2017-01-18,236.65,239.71,235.58,238.36,3768967,235.58,1.18,20170118,2,1,4.825238095238094,4.8078571428571415
2017-01-19,247.25,248.68,240.75,243.76,7732303,238.36,2.265,20170119,3,2,7.85015105740181,7.97548387096774
2017-01-20,245.46,246.0,243.01,244.73,4204275,243.76,0.39799999999999996,20170120,4,3,7.7898814910579475,7.872849891225512
2017-01-23,245.85,250.89,245.5,248.92,6262938,244.73,1.712,20170123,0,4,7.631631422908696,7.679041491231216
2017-01-24,250.0,254.8,249.65,254.61,4965451,248.92,2.286,20170124,1,5,8.140601805949228,8.232266663172755
2017-01-25,257.31,258.46,251.8,254.47,5146361,254.61,-0.055,20170125,2,6,8.401914610793861,8.507833804445411
2017-01-26,254.29,255.74,250.75,252.51,3152123,254.47,-0.77,20170126,3,7,7.820511899639857,7.819797312988229
2017-01-27,251.38,253.0,248.52,252.95,3166336,252.51,0.174,20170127,4,8,7.525242177277642,7.475524163601839
2017-01-30,252.53,255.29,247.1,250.63,3801074,252.95,-0.917,20170130,0,9,7.623593335786904,7.600717228560541
2017-01-31,249.24,255.89,247.7,251.93,4116104,250.63,0.519,20170131,1,10,7.702871290046839,7.699821978047946
2017-02-01,253.05,253.2,249.05,249.24,3958829,251.93,-1.068,20170201,2,11,7.228842954908738,7.122920194206785
2017-02-02,248.34,252.42,247.71,251.55,2499775,249.24,0.927,20170202,3,12,6.90648023418717,6.7419018093464
2017-02-03,251.91,252.179,249.68,251.33,2186723,251.55,-0.087,20170203,4,13,6.416870727338884,6.155797855768344
2017-02-06,251.0,257.82,250.63,257.77,3562517,251.33,2.562,20170206,0,14,6.509276386883377,6.311943510357537
2017-02-07,258.19,260.0,256.42,257.48,4244775,257.77,-0.113,20170207,1,15,6.760345832794577,6.6617927306599
2017-02-08,257.35,263.36,256.2,262.08,3933014,257.48,1.787,20170208,2,16,6.805639051713736,6.734613937013942
2017-02-09,266.25,271.18,266.15,269.2,7820222,262.08,2.717,20170209,3,17,7.569849017627364,7.739819984723372
2017-02-10,269.79,270.95,266.11,269.23,3619739,269.2,0.011000000000000001,20170210,4,18,7.711148088695419,7.901149737480015
2017-02-13,270.74,280.79,270.51,280.6,7029605,269.23,4.223,20170213,0,19,8.125337625104612,8.422811148266607
2017-02-14,279.03,287.39,278.61,280.98,7345224,280.6,0.135,20170214,1,20,9.180111910586557,9.788762561537977
2017-02-15,280.0,282.24,276.44,279.76,4947856,280.98,-0.434,20170215,2,21,8.829793845908299,9.233072598185267
2017-02-16,277.6,280.0,268.5,268.95,7077322,279.76,-3.864,20170216,3,22,9.203348685306683,9.682725464779358
2017-02-17,265.8,272.89,264.15,272.23,6257149,268.95,1.22,20170217,4,23,9.851584011199598,10.499360393141167
2017-02-21,275.45,281.4,274.01,277.39,5676747,272.23,1.895,20170221,1,24,10.111822629594016,10.76692267122542
2017-02-22,280.31,283.45,272.6,273.51,8754975,277.39,-1.399,20170222,2,25,10.221793153517833,10.828832366483526
2017-02-23,264.0,264.66,255.56,255.99,14915249,273.51,-6.406000000000001,20170223,3,26,11.364226884658152,12.327102989249026
2017-02-24,252.66,258.25,250.2,257.0,8171626,255.99,0.395,20170224,4,27,12.531122724850148,13.818621599662277
2017-02-27,248.17,248.36,242.01,246.23,11460810,257.0,-4.191,20170227,0,28,12.671700799462982,13.84048338401397
2017-02-28,244.19,251.0,243.9,249.99,6078145,246.23,1.527,20170228,1,29,12.713004124208593,13.740384563274217
2017-03-01,254.18,254.85,249.11,250.02,4809488,249.99,0.012,20170301,2,30,12.32046190693357,13.049485182551068
2017-03-02,249.71,253.28,248.27,250.48,3351833,250.02,0.184,20170302,3,31,11.622833055721319,11.966438706880282
2017-03-03,250.74,251.9,249.0,251.57,2929234,250.48,0.435,20170303,4,32,10.794168623312794,10.746731589175903
2017-03-06,247.91,251.7,247.51,251.21,3355500,251.57,-0.14300000000000002,20170306,0,33,10.169331981161163,9.865709330304563
2017-03-07,251.92,253.89,248.32,248.59,3459470,251.21,-1.043,20170307,1,34,9.73578345672924,9.289095893400049
2017-03-08,247.0,250.07,245.32,246.87,3728649,248.59,-0.6920000000000001,20170308,2,35,9.374478870183415,8.833243743151703
2017-03-09,247.63,248.66,243.0,244.9,3879293,246.87,-0.7979999999999999,20170309,3,36,9.026567472974909,8.408010774114866
2017-03-10,246.21,246.5,243.0,243.69,3066272,244.9,-0.494,20170310,4,37,8.544911608206762,7.800299795883477
2017-03-13,244.82,246.85,242.78,246.17,3022625,243.69,1.018,20170313,0,38,8.127967886268443,7.301044773759821
2017-03-14,246.11,258.12,246.02,258.0,7598446,246.17,4.806,20170314,1,39,8.713824353150933,8.254687217959521
2017-03-15,257.0,261.0,254.27,255.73,5330806,258.0,-0.88,20170315,2,40,9.281237551825678,9.13388457342304
2017-03-16,262.4,265.75,259.06,262.05,7132153,255.73,2.471,20170316,3,41,9.139444966969698,8.948912800116517
2017-03-17,264.0,265.33,261.2,261.5,6497496,262.05,-0.21,20170317,4,42,9.182020368498236,9.035909414257873
2017-03-20,260.6,264.55,258.82,261.92,3614294,261.5,0.161,20170320,0,43,8.863391869876976,8.594307682640471
2017-03-21,262.83,264.8,250.24,250.68,6908554,261.92,-4.291,20170321,1,44,9.388468980459328,9.391005766877576
2017-03-22,251.56,255.07,250.51,255.01,4059297,250.68,1.7269999999999999,20170322,2,45,9.57456552583799,9.660578137840936
2017-03-23,255.39,257.67,253.3,254.78,3320245,255.01,-0.09,20170323,3,46,9.336910444607001,9.304073377941716
2017-03-24,255.7,263.89,255.01,263.16,5647253,254.78,3.2889999999999997,20170324,4,47,9.294940528775863,9.24747141284519
2017-03-27,260.6,270.57,259.75,270.22,6230795,263.16,2.6830000000000003,20170327,0,48,9.890985665877148,10.120595292734436
2017-03-28,277.02,280.68,275.0,277.45,7987604,270.22,2.676,20170328,1,49,10.590491197264091,11.107953631567302
2017-03-29,278.34,279.6,275.54,277.38,3676157,277.45,-0.025,20170329,2,50,10.479587690962349,10.877403779176245
2017-03-30,278.04,282.0,277.21,277.92,4148426,277.38,0.195,20170330,3,51,9.958685227863688,10.06527358280713
2017-03-31,278.73,279.68,276.32,278.3,3294640,277.92,0.13699999999999998,20170331,4,52,9.354940719126725,9.170782392477145
2017-04-03,286.9,299.0,284.58,298.52,13888618,278.3,7.266,20170403,0,53,10.427093288573143,10.759377957989775
2017-04-04,296.89,304.81,294.53,303.7,10134556,298.52,1.735,20170404,1,54,11.896950305288613,12.860263068801164
2017-04-05,302.04,304.88,294.2,295.0,7880938,303.7,-2.865,20170405,2,55,11.785783915755976,12.569465096713152
2017-04-06,296.88,301.94,294.1,298.7,5520588,295.0,1.254,20170406,3,56,11.586203849987234,12.173422834802023
2017-04-07,297.5,302.69,297.15,302.54,4579613,298.7,1.286,20170407,4,57,11.230590303475372,11.575484503307955
2017-04-10,309.15,313.73,308.71,312.39,7664458,302.54,3.2560000000000002,20170410,0,58,11.577243538186025,12.036185810948307
2017-04-11,313.38,313.47,305.5,308.71,5724577,312.39,-1.178,20170411,1,59,11.518209332244588,11.888666828881911
2017-04-12,306.34,308.448,296.32,296.84,6050682,308.71,-3.845,20170412,2,60,11.933247663911777,12.446268138083946
2017-04-13,296.7,307.39,295.3,304.0,9284634,296.84,2.412,20170413,3,61,12.067863259755214,12.574783740952965
2017-04-17,302.7,304.0,298.68,301.44,4138736,304.0,-0.8420000000000001,20170417,0,62,11.62059021693582,11.852724824000349
2017-04-18,299.7,300.84,297.9,300.25,3035698,301.44,-0.395,20170418,1,63,11.11759004865605,11.085614051059661
2017-04-19,302.46,306.62,302.11,305.52,3898024,300.25,1.755,20170419,2,64,10.57670612491748,10.298126960703774
2017-04-20,306.51,309.15,300.23,302.51,6149352,305.52,-0.985,20170420,3,65,10.425816745647888,10.114362161416704
2017-04-21,302.0,306.4,300.42,305.6,4509756,302.51,1.021,20170421,4,66,10.020969277289069,9.563076075361959
2017-04-24,309.22,310.55,306.02,308.03,5083505,305.6,0.795,20170424,0,67,9.840604818232439,9.359987197503225
2017-04-25,308.0,313.98,305.86,313.79,6737708,308.03,1.87,20170425,1,68,9.707637358142549,9.229315508442397
2017-04-26,312.37,314.5,309.0,310.17,4695044,313.79,-1.1540000000000001,20170426,2,69,9.412933526869274,8.86139035274109
2017-04-27,311.69,313.09,307.5,308.63,3468569,310.17,-0.49700000000000005,20170427,3,70,9.128703296808203,8.51852504330759
2017-04-28,309.83,314.8,308.0,314.07,4505478,308.63,1.7630000000000001,20170428,4,71,8.916781227068247,8.289380689121776
2017-05-01,314.88,327.25,314.81,322.83,8829565,314.07,2.7889999999999997,20170501,0,72,9.79973200757185,9.666836617555461
2017-05-02,324.0,327.66,316.56,318.89,5382777,322.83,-1.22,20170502,1,73,10.144600084570962,10.189938240221903
2017-05-03,317.67,321.53,310.45,311.02,7133365,318.89,-2.468,20170503,2,74,10.347978160277908,10.481952847384308
2017-05-04,307.435,307.77,290.76,295.46,14152008,311.02,-5.003,20170504,3,75,11.965681858667356,12.83507030544003
2017-05-05,298.0,308.55,296.8,308.35,8177347,295.46,4.363,20170505,4,76,12.1707531217709,13.019730624855253
2017-05-08,310.9,313.79,305.82,307.19,7006471,308.35,-0.376,20170508,0,77,12.731015605938035,13.727776599844624
2017-05-09,309.38,321.99,309.1,321.26,9676537,307.19,4.58,20170509,1,78,12.813694950027227,13.716072909107233
2017-05-10,321.56,325.5,318.12,325.22,5741607,321.26,1.2329999999999999,20170510,2,79,13.313603093561301,14.328603056968712
2017-05-11,323.4,326.0,319.6,323.1,4753819,325.22,-0.652,20170511,3,80,12.684814661769293,13.27144620675599
2017-05-12,325.48,327.0,321.53,324.81,4121612,323.1,0.529,20170512,4,81,12.028657687103951,12.231245042588181
2017-05-15,318.38,320.2,312.53,315.88,7622004,324.81,-2.7489999999999997,20170515,0,82,11.896003787858174,12.00974416507045
2017-05-16,317.59,320.06,315.14,317.01,4152484,315.88,0.358,20170516,1,83,11.693572308896664,11.697776398437775
2017-05-17,314.39,314.63,305.5,306.11,6711940,317.01,-3.438,20170517,2,84,11.574120435601952,11.522071961981062
2017-05-18,307.0,313.94,305.31,313.06,5653801,306.11,2.27,20170518,3,85,11.585567186725845,11.545795807650332
2017-05-19,315.5,316.5,310.2,310.83,4687572,313.06,-0.7120000000000001,20170519,4,86,11.476852025714722,11.391689096079414
2017-05-22,312.8,314.37,306.8,310.35,4329178,310.83,-0.154,20170522,0,87,11.121602754453848,10.882128819402947
2017-05-23,310.46,310.73,303.48,303.86,4318354,310.35,-2.0909999999999997,20170523,1,88,10.778658774183945,10.411176923990864
2017-05-24,306.51,311.0,305.4,310.22,5041692,303.86,2.093,20170524,2,89,10.307782986170613,9.769685031096078
2017-05-25,311.02,316.97,307.81,316.83,5013963,310.22,2.131,20170525,3,90,10.562573583669144,10.21506134490088
2017-05-26,317.28,325.49,316.31,325.14,7802199,316.83,2.623,20170526,4,91,10.990588017796687,10.889054456942864
2017-05-30,326.0,336.28,325.76,335.1,7782916,325.14,3.063,20170530,1,92,11.759734235730505,12.030515758105578
2017-05-31,337.69,342.89,335.16,341.01,9963444,335.1,1.764,20170531,2,93,12.304373866589748,12.79311475449568
2017-06-01,344.0,344.88,337.29,340.37,7607996,341.01,-0.188,20170601,3,94,12.074858510306093,12.391365619486672
2017-06-02,339.77,342.88,335.93,339.85,5590239,340.37,-0.153,20170602,4,95,11.608912778407552,11.66584941931678
2017-06-05,338.5,348.44,334.21,347.32,6784368,339.85,2.198,20170605,0,96,11.847216451468565,12.007736483692225
2017-06-06,344.7,359.49,339.97,352.85,11086798,347.32,1.5919999999999999,20170606,1,97,12.555713528759998,13.025372445423496
2017-06-07,356.34,360.5,355.14,359.65,9397959,352.85,1.9269999999999998,20170607,2,98,12.612471374868377,13.045989467207542
2017-06-08,363.75,371.9,360.22,370.0,9061496,359.65,2.878,20170608,3,99,13.1977437205871,13.846524693104193
2017-06-09,374.42,376.87,354.8,357.32,17261435,370.0,-3.427,20170609,4,100,14.004365685170383,14.942988646860085
2017-06-12,357.99,364.5,350.62,359.01,10517660,357.32,0.473,20170612,0,101,14.493089023344087,15.534590431595674
2017-06-13,367.62,376.0,366.61,375.95,11807920,359.01,4.718999999999999,20170613,1,102,14.873738046818357,15.95397854053711
2017-06-14,381.085,384.25,376.31,380.66,12818429,375.95,1.253,20170614,2,103,15.816172207311492,17.192115161109253
2017-06-15,372.5,375.46,366.49,375.34,10426469,380.66,-1.3980000000000001,20170615,3,104,15.238312333303929,16.16116616555916
2017-06-16,377.975,378.01,370.1,371.4,6730973,375.34,-1.05,20170616,4,105,14.812993790428203,15.414343817159338
2017-06-19,375.0,376.7,367.8,369.8,6549332,371.4,-0.431,20170619,0,106,14.275428882715916,14.545764447009478
2017-06-20,376.67,378.88,369.73,372.24,7438701,369.8,0.66,20170620,1,107,13.809465028454653,13.826329047765627
2017-06-21,374.35,376.99,368.02,376.4,4923210,372.24,1.1179999999999999,20170621,2,108,13.36950012233471,13.178818399139171
2017-06-22,377.99,385.0,373.57,382.61,7529778,376.4,1.65,20170622,3,109,13.314089470067996,13.12297593777928
2017-06-23,382.45,386.99,379.345,383.45,6445758,382.61,0.22,20170623,4,110,13.066438674078181,12.785245770069135
2017-06-26,386.69,386.95,373.1,377.49,6604099,383.45,-1.554,20170626,0,111,13.137673168949979,12.92721301627272
2017-06-27,376.4,376.4,362.02,362.37,6996399,377.49,-4.005,20170627,1,112,13.891536908673785,14.060918055030017
2017-06-28,366.68,371.74,362.52,371.24,6302463,362.37,2.448,20170628,2,113,13.989580881389996,14.182128990995695
2017-06-29,370.61,371.0,354.1,360.75,8221038,371.24,-2.826,20170629,3,114,14.254169033961489,14.544511818028285
2017-06-30,363.71,366.767,359.619,361.61,5848521,360.75,0.23800000000000002,20170630,4,115,14.014786250442057,14.154710218209532
2017-07-03,370.24,371.35,351.5,352.62,6305401,361.61,-2.4859999999999998,20170703,0,116,14.545267843660929,14.914082229773257
2017-07-05,347.2,347.24,326.33,327.09,17046701,347.2,-5.792000000000001,20170705,2,117,16.4302680964723,17.629538058475728
2017-07-06,317.26,320.79,306.3,308.83,19324495,327.09,-5.582999999999999,20170706,3,118,18.65481557303252,20.732266442125017
2017-07-07,313.5,317.0,307.38,313.22,14176915,308.83,1.421,20170707,4,119,18.75074246473839,20.59596424509102
2017-07-10,312.9,317.94,303.13,316.05,13820889,313.22,0.904,20170710,0,120,18.392489636789893,19.824502322442235
2017-07-11,316.0,327.28,314.3,327.22,11559402,316.05,3.534,20170711,1,121,17.998623431452984,19.05590199266196
2017-07-12,331.2,333.0,324.5,329.34,10346127,327.22,0.648,20170712,2,122,17.903293256037355,18.775115053936364
2017-07-13,330.11,331.6,319.97,323.41,8594466,329.34,-1.801,20170713,3,123,17.33298966753996,17.82243302801184
2017-07-14,323.19,328.42,321.22,327.78,5625211,323.41,1.351,20170714,4,124,16.495439542796003,16.528775268897533
2017-07-17,325.54,327.1,313.45,319.57,9876912,327.78,-2.505,20170717,0,125,16.23676164572207,16.144938560708816
2017-07-18,317.5,329.13,315.66,328.24,6373720,319.57,2.713,20170718,1,126,15.985236467519057,15.788280081382347
2017-07-19,328.23,331.65,323.219,325.26,6357014,328.24,-0.9079999999999999,20170719,2,127,15.630213184012524,15.29384273171299
2017-07-20,326.9,330.22,324.2,329.92,5166188,325.26,1.433,20170720,3,128,14.756553443455065,14.057330355596333
2017-07-21,329.46,331.25800000000004,325.8,328.4,4901606,329.92,-0.461,20170721,4,129,13.960318000978347,12.982752965896312
2017-07-24,330.24,343.399,330.01,342.52,8637082,328.4,4.3,20170724,0,130,13.916561653646914,13.048919237587937
2017-07-25,345.0,345.6,334.15,339.6,6989197,342.52,-0.853,20170725,1,131,14.21505707466568,13.602396676040204
2017-07-26,340.36,345.5,338.12,343.85,4820790,339.6,1.251,20170726,2,132,13.593686308257332,12.772743781401383
2017-07-27,346.0,347.5,326.29,334.46,8302405,343.85,-2.7310000000000003,20170727,3,133,14.28608042873148,13.89771128250288
2017-07-28,336.89,339.6,332.51,335.07,4880414,334.46,0.182,20170728,4,134,14.018254243633448,13.556683110113124
2017-07-31,335.5,341.49,321.04,323.47,8535136,335.07,-3.4619999999999997,20170731,0,135,14.602959775865294,14.47579203200998
2017-08-01,323.0,324.45,316.13,319.57,8303102,323.47,-1.206,20170801,1,136,14.997237001280096,15.071019762896785
2017-08-02,319.0,319.22,311.41,315.96,119040,319.57,-1.13,20170802,2,137,14.730214937677168,14.66955046011248
2017-08-03,345.33,350.0,343.15,347.09,13535033,315.96,9.853,20170803,3,138,16.157470642365848,16.77094373692748
2017-08-04,347.0,357.27,343.3,356.91,9268909,347.09,2.8289999999999997,20170804,4,139,18.44406788651233,20.042817911854776
2017-08-07,357.35,359.48,352.75,355.17,6324480,356.91,-0.488,20170807,0,140,17.893697276440236,19.022442188512546
2017-08-08,357.53,368.58,357.4,365.22,7449837,355.17,2.83,20170808,1,141,17.327905865232626,18.04211656191073
2017-08-09,361.0,370.0,358.95,363.53,6892096,365.22,-0.46299999999999997,20170809,2,142,17.100823240302105,17.613834353100582
2017-08-10,361.6,366.65,354.66,355.4,7092858,363.53,-2.2359999999999998,20170810,3,143,16.63620243692346,16.863989771844466
2017-08-11,356.97,361.26,353.62,357.87,4365783,355.4,0.695,20170811,4,144,16.02472887936314,15.936791134695468
2017-08-14,364.63,367.66,362.6,363.8,4519186,357.87,1.6569999999999998,20170814,0,145,15.682480489672415,15.44655231632225
2017-08-15,365.2,365.49,359.37,362.33,3085088,363.8,-0.40399999999999997,20170815,1,146,14.949527114836352,14.403012006715844
2017-08-16,363.0,366.5,362.52,362.91,3413773,362.33,0.16,20170816,2,147,13.95229663122819,13.013277071605934
2017-08-17,361.21,363.3,351.59,351.92,5027660,362.91,-3.028,20170817,3,148,13.748451344325991,12.839506795296328
2017-08-18,352.91,354.0,345.8,347.46,5408183,351.92,-1.2670000000000001,20170818,4,149,14.054046865565333,13.408905889527999
2017-08-21,345.82,345.82,331.85,337.86,6495424,347.46,-2.763,20170821,0,150,14.600952003306686,14.297051771290828
2017-08-22,341.13,342.24,337.37,341.35,4321966,337.86,1.033,20170822,1,151,14.190865248049812,13.736111534918074
2017-08-23,338.99,353.49,338.3,352.77,4954504,341.35,3.346,20170823,2,152,14.321695740806721,13.988629997007255
2017-08-24,352.52,356.66,349.74,352.93,4584687,352.77,0.045,20170824,3,153,14.411541620485206,14.164812664120275
2017-08-25,354.24,355.69,347.3,348.05,3483956,352.93,-1.383,20170825,4,154,13.864128535784552,13.394837642058283
2017-08-28,347.28,347.35,339.72,345.66,3763956,348.05,-0.687,20170828,0,155,13.804662284508993,13.37019262311221
2017-08-29,339.48,349.05,338.75,347.36,4073675,345.66,0.49200000000000005,20170829,1,156,13.486056521215607,12.960833606625656
2017-08-30,349.67,353.47,347.0,353.18,3412943,347.36,1.675,20170830,2,157,12.970051234120884,12.274055792304788
2017-08-31,353.55,358.44,352.82,355.9,4072795,353.18,0.77,20170831,3,158,12.798228349610604,12.114848353309892
2017-09-01,356.12,357.59,353.69,355.4,3049546,355.9,-0.14,20170901,4,159,12.035661954270667,11.08753523941826
2017-09-05,353.8,355.49,345.89,349.59,3848382,355.4,-1.635,20170905,1,160,11.851510827620707,10.943863874148322
2017-09-06,349.5,350.97900000000004,341.56,344.53,4091351,349.59,-1.4469999999999998,20170906,2,161,12.032282606169662,11.330015357628238
2017-09-07,345.98,352.48,343.45,350.61,4239213,344.53,1.765,20170907,3,162,11.759347774919597,11.023346643255081
2017-09-08,348.99,349.78,342.3,343.4,3263508,350.61,-2.056,20170908,4,163,11.370316095691441,10.550900424124054
2017-09-11,351.39,363.71,350.33,363.67,7667055,343.4,5.903,20170911,0,164,11.553014659482743,10.928113700928511
2017-09-12,364.02,368.38,360.71,362.65,5972907,363.67,-0.28,20170912,1,165,12.773649854649063,12.801698540895094
2017-09-13,363.82,368.07,359.59,366.23,4172033,362.65,0.987,20170913,2,166,12.383318001943918,12.225472068751657
2017-09-14,364.33,377.9,362.69,377.4,7202524,366.23,3.05,20170914,3,167,12.643925485287138,12.628742459599374
2017-09-15,374.53,379.96,372.84,379.93,5420496,377.4,0.67,20170915,4,168,12.742659542058576,12.77557679832405
2017-09-18,380.25,389.57,377.81,384.64,7187980,379.93,1.24,20170918,0,169,12.690599578906093,12.694833225211974
2017-09-19,380.0,382.0,373.6,374.86,6451886,384.64,-2.543,20170919,1,170,12.300545039150927,12.1221887951702
2017-09-20,373.0,378.25,371.07,373.91,4910883,374.86,-0.253,20170920,2,171,12.415950044355363,12.31523028915146
2017-09-21,374.82,376.68,364.67,366.59,4618190,373.91,-1.9580000000000002,20170921,3,172,12.379045492320826,12.274532917263876
2017-09-22,366.49,369.9,350.88,351.09,8145541,366.59,-4.228,20170922,4,173,13.347314144695153,13.708595194984058
2017-09-25,353.15,357.47,342.88,344.99,7587395,351.09,-1.7369999999999999,20170925,0,174,14.289376548925102,15.042115835670602
2017-09-26,350.89,351.19,341.01,345.2,317231,344.99,0.061,20170926,1,175,13.91579684328289,14.393833724240379
2017-09-27,348.78,351.22,340.5,340.98,244497,345.2,-1.222,20170927,2,176,13.625269843831143,13.903989227670102
2017-09-28,340.08,342.34,335.41,339.62,270890,340.98,-0.39899999999999997,20170928,3,177,13.276608933992078,13.355457330642666
2017-09-29,341.96,344.65,339.04,340.9,258115,339.62,0.377,20170929,4,178,12.57964445828795,12.322729686549218
2017-10-02,342.8,343.7,335.53,340.96,181455,340.9,0.018000000000000002,20171002,0,179,12.1787676751514,11.769032395005722
2017-10-03,336.07,348.5,331.5,352.14,342180,340.96,3.279,20171003,1,180,12.617061536980184,12.466494742342226
2017-10-04,351.12,358.58,349.61,354.98,341885,352.14,0.8059999999999999,20171004,2,181,13.07187413784312,13.153628776699932
2017-10-05,355.755,357.34,351.56,355.13,181812,354.98,0.042,20171005,3,182,12.408976471304774,12.170478273135773
2017-10-06,353.01,360.02,352.51,355.1,197859,355.13,-0.008,20171006,4,183,11.963614963137402,11.549081170048721
2017-10-09,349.57,351.66,342.67,342.79,300617,355.1,-3.467,20171009,0,184,12.008740876572066,11.670537014042608
2017-10-10,346.85,355.61,345.73,355.86,283727,342.79,3.813,20171010,1,185,11.815218974832058,11.431798745502935
2017-10-11,353.755,357.6,351.18,354.65,4500831,355.86,-0.34,20171011,2,186,12.087471800251125,11.882225579436945
2017-10-12,352.78,359.78,352.78,355.3,166571,354.65,0.183,20171012,3,187,11.624974356221296,11.231262168844005
2017-10-13,356.985,358.44,353.69,355.43,3540533,355.3,0.037000000000000005,20171013,4,188,10.999976678084007,10.367093879663253
2017-10-16,353.71,354.43,347.21,350.56,5375486,355.43,-1.37,20171016,0,189,10.73543334009959,10.063481362374366
2017-10-17,350.8,356.21,350.22,355.78,126969,350.56,1.489,20171017,1,190,10.30403030382495,9.520350514057046
2017-10-18,355.655,362.86,354.19,359.605,191765,355.78,1.075,20171018,2,191,10.485482096434477,9.890970445516526
2017-10-19,355.41,356.77,348.34,351.81,5061843,359.605,-2.168,20171019,3,192,10.298620085750219,9.696174386114127
2017-10-20,352.83,354.47,344.34,345.05,4930395,351.81,-1.921,20171020,4,193,10.750109173075641,10.438684467966256
2017-10-23,349.9,349.92,336.25,337.02,5747346,345.05,-2.327,20171023,0,194,11.18737197923156,11.12152653890461
2017-10-24,338.8,342.8,336.16,337.34,4488426,337.02,0.095,20171024,1,195,10.978519979509432,10.823989667050471
2017-10-25,336.7,337.5,323.56,325.84,8584204,337.34,-3.409,20171025,2,196,11.247745437804602,11.239457711443979
2017-10-26,327.78,330.23,323.2,326.17,5023500,325.84,0.10099999999999999,20171026,3,197,11.510677672406757,11.626196683251646
2017-10-27,319.75,324.59,316.66,320.87,6979704,326.17,-1.625,20171027,4,198,11.29879788277886,11.300037125484621
2017-10-30,319.18,323.78,317.25,320.08,4254378,320.87,-0.24600000000000002,20171030,0,199,11.082543528660215,10.982698842086556
2017-10-31,320.23,331.95,320.18,331.53,5672347,320.08,3.577,20171031,1,200,11.145039571808459,11.087672329808381
2017-11-01,332.25,332.60900000000004,320.26,321.08,8457336,331.53,-3.1519999999999997,20171101,2,201,11.270854156737037,11.27984935250065
2017-11-02,300.13,308.69,292.63,299.26,19791416,321.08,-6.796,20171102,3,202,13.782594697879862,14.962536105501451
2017-11-03,299.5,306.25,295.13,306.09,8893974,299.26,2.282,20171103,4,203,14.888722456596362,16.427531291434903
2017-11-06,307.0,307.5,299.01,302.78,6486009,306.09,-1.081,20171106,0,204,14.307020413185647,15.36919378591006
2017-11-07,301.02,306.5,300.03,306.05,5294274,302.78,1.08,20171107,1,205,13.594564009869252,14.182634614455202
2017-11-08,305.5,306.89,301.3,304.39,4725271,306.05,-0.542,20171108,2,206,12.866876370642066,13.036949999194348
2017-11-09,302.5,304.46,296.3,302.99,5447147,304.39,-0.46,20171109,3,207,12.58352397261491,12.598689999301726
2017-11-10,302.5,308.36,301.85,302.99,4625429,302.99,0.0,20171110,4,208,12.031385428416879,11.786864666061412
2017-11-13,300.13,316.8,299.11,315.4,7584944,302.99,4.096,20171113,0,209,12.545804935968802,12.573949377253292
2017-11-14,315.0,316.35,306.9,308.7,5676076,315.4,-2.124,20171114,1,210,12.619822669199158,12.678756126952862
2017-11-15,306.01,312.49,301.5,311.3,5978665,308.7,0.8420000000000001,20171115,2,211,12.736202426739958,12.841588643359163
2017-11-16,313.99,318.14,311.3,312.5,5822073,311.3,0.385,20171116,3,212,12.436547660215618,12.38804349091124
2017-11-17,325.67,326.67,313.15,315.05,13735139,312.5,0.816,20171117,4,213,12.703225146020344,12.785637692123087
2017-11-20,313.79,315.5,304.75,308.74,8247650,315.05,-2.003,20171120,0,214,12.52565922343102,12.514219333173331
2017-11-21,310.86,318.23,308.71,317.81,7261273,308.74,2.938,20171121,1,215,12.252417475533253,12.11499008875021
2017-11-22,316.77,317.42,311.84,312.6,4917636,317.81,-1.639,20171122,2,216,11.927652250146432,11.656991410250168
2017-11-24,313.79,316.41,311.0,315.55,3244065,312.6,0.9440000000000001,20171124,4,217,11.462411136056133,11.010725888883469
2017-11-27,313.14,317.32,309.85,316.74,169414,315.55,0.377,20171127,0,218,11.09946466882944,10.538629103698991
2017-11-28,316.36,320.0,313.92,317.55,4949491,316.74,0.256,20171128,1,219,10.643149698578682,9.944145223205776
2017-11-29,317.3,318.0,301.23,307.54,8767398,317.55,-3.1519999999999997,20171129,2,220,11.200136090013316,10.85425919344502
2017-11-30,308.56,310.7,304.54,308.85,4351587,307.54,0.426,20171130,3,221,11.36466917284581,11.141691300985688
2017-12-01,305.44,310.32,305.05,306.53,4292868,308.85,-0.7509999999999999,20171201,4,222,10.810608338624906,10.358799127520916
2017-12-04,306.5,308.265,300.61,305.2,5835140,306.53,-0.434,20171204,0,223,10.57691667135226,10.076292577184798
2017-12-05,302.0,308.0,301.0,303.7,4646520,305.2,-0.491,20171205,1,224,10.251742428344016,9.666120233560154
2017-12-06,300.1,313.39,300.0,313.26,7195341,303.7,3.148,20171206,2,225,10.537038571347884,10.162637535752136
2017-12-07,312.0,318.63,311.05,311.24,4780597,313.26,-0.645,20171207,3,226,10.936398701385752,10.798285864318517
2017-12-08,314.6,316.98,311.26,315.13,3468458,311.24,1.25,20171208,4,227,10.462180637450253,10.12118108240938
2017-12-11,314.63,329.01,313.75,328.91,7937981,315.13,4.373,20171211,0,228,11.126527852448028,11.141023604754793
2017-12-12,330.45,341.44,330.03,341.03,8733199,328.91,3.685,20171212,1,229,12.506843502642019,13.163553790787489
2017-12-13,340.93,344.22,336.5,339.03,6221461,341.03,-0.586,20171213,2,230,12.761675911562648,13.449746618682484
2017-12-14,341.01,347.44,336.9,337.89,5799916,339.03,-0.336,20171214,3,231,12.559705374097494,13.061780402858155
2017-12-15,342.04,343.9,335.76,343.45,6933199,337.89,1.646,20171215,4,232,12.157913976361167,12.405543015810396
2017-12-18,344.9,346.73,337.58,338.87,5476166,343.45,-1.334,20171218,0,233,11.884467251181066,11.971470613702348
2017-12-19,340.26,341.49,330.3,331.1,6824971,338.87,-2.293,20171219,1,234,11.999515682913438,12.128607865208705
2017-12-20,332.69,333.1,325.04,328.98,5953800,331.1,-0.64,20171220,2,235,12.165923348131471,12.355460149847541
2017-12-21,329.59,333.74,327.21,331.66,4385222,328.98,0.815,20171221,3,236,11.653566680040178,11.578732129867872
2017-12-22,329.51,330.92,324.82,325.2,4215807,331.66,-1.9480000000000002,20171222,4,237,11.148696981783633,10.848234512552159
2017-12-26,323.83,323.94,316.58,317.29,4378413,325.2,-2.432,20171226,1,238,11.506088165303597,11.412469910878551
2017-12-27,316.0,317.68,310.75,311.64,4712111,317.29,-1.781,20171227,2,239,11.773716513943501,11.817473922761417
2017-12-28,311.75,315.82,309.54,315.36,4316347,311.64,1.194,20171228,3,240,11.407924103546316,11.275144066393235
2017-12-29,316.18,316.41,310.0,311.35,3777155,315.36,-1.272,20171229,4,241,10.953567366816602,10.62645819087414
2018-01-02,312.0,322.11,311.0,320.53,4352241,311.35,2.948,20180102,1,242,10.967788515289065,10.690930432090923
2018-01-03,321.0,325.25,315.55,317.25,4521527,320.53,-1.023,20180103,2,243,11.234353195738512,11.118806374478797
2018-01-04,312.87,318.55,305.68,314.62,9946304,317.25,-0.8290000000000001,20180104,3,244,11.563048359786027,11.61629885788162
2018-01-05,316.62,317.24,312.0,316.58,4591180,314.62,0.623,20180105,4,245,10.98913487249506,10.767459010164071
2018-01-08,316.0,337.02,315.5,336.41,9859435,316.58,6.263999999999999,20180108,0,246,12.026486247784709,12.318464475475517
2018-01-09,335.16,338.8,327.405,333.69,7146631,336.41,-0.809,20180109,1,247,12.95316931621821,13.638669212078778
2018-01-10,331.71,336.68,330.25,334.8,109366,333.69,0.33299999999999996,20180110,2,248,12.360153923805475,12.677513317134942
2018-01-11,335.24,344.81,333.26,337.95,6645484,334.8,0.941,20180111,3,249,12.286503567092582,12.527178208183617
2018-01-12,338.63,340.41,333.67,336.22,4825059,337.95,-0.512,20180112,4,250,11.782275970063605,11.75555444709247
2018-01-16,337.54,345.0,334.8,340.06,6474251,336.22,1.1420000000000001,20180116,1,251,11.63843270005249,11.54814718748014
2018-01-17,340.47,349.0,339.75,347.16,7103505,340.06,2.088,20180117,2,252,11.742211545505754,11.712394229149442
2018-01-18,345.67,352.3,343.74,344.57,5685845,347.16,-0.746,20180118,3,253,11.787465041370249,11.782741665262844
2018-01-19,345.0,350.59,342.6,350.02,4888303,344.57,1.5819999999999999,20180119,4,254,11.442240946690607,11.277042776561125
2018-01-22,349.4,357.83,349.2,351.56,6210360,350.02,0.44,20180122,0,255,11.607491769722907,11.541437073019624
2018-01-23,360.0,360.5,351.0,352.79,5465414,351.56,0.35,20180123,1,256,11.504992517927542,11.399912129950321
2018-01-24,354.58,354.75,343.52,345.89,5287478,352.79,-1.956,20180124,2,257,11.479993198115427,11.37725717929028
2018-01-25,348.27,349.2,336.4,337.64,6740303,345.89,-2.385,20180125,3,258,11.926357452840701,12.045622888718249
2018-01-26,341.5,344.0,335.71,342.85,4539356,337.64,1.5430000000000001,20180126,4,259,11.767597684397904,11.796873170222497
2018-01-29,339.85,350.85,338.28,349.53,4747149,342.85,1.9480000000000002,20180129,0,260,11.898725167636519,11.985290080859496
2018-01-30,345.14,348.27,342.17,345.82,4717700,349.53,-1.061,20180130,1,261,11.37156833420748,11.200584736744892
2018-01-31,347.51,356.19,345.19,354.31,6214069,345.82,2.455,20180131,2,262,11.337789394733633,11.173840105178906
2018-02-01,351.0,359.66,348.63,349.25,4197687,354.31,-1.4280000000000002,20180201,3,263,11.565263086124164,11.52932809115504
2018-02-02,348.44,351.95,340.51,343.75,3704836,349.25,-1.575,20180202,4,264,11.768420987387792,11.832084345667711
2018-02-05,337.97,344.47,333.0,333.13,4464147,343.75,-3.089,20180205,0,265,12.17583726126561,12.421139766245357
2018-02-06,325.21,336.22,323.5,333.97,5088438,333.13,0.252,20180206,1,266,12.909852055702528,13.46498779741265
2018-02-07,338.99,346.0,335.66,345.0,6969239,333.97,3.303,20180207,2,267,12.906229141547714,13.385656091090949
2018-02-08,343.31,348.62,314.6,315.23,10314573,345.0,-8.629,20180208,3,268,14.825662855966543,16.136901945612156
2018-02-09,319.93,320.98,294.76,310.42,12933721,315.23,-1.526,20180209,4,269,18.04514805090015,20.68398168619721
2018-02-12,316.06,316.22,306.25,314.87,189398,310.42,1.4340000000000002,20180212,0,270,17.311043682632054,19.255450794704252
2018-02-13,315.02,324.19,312.51,323.66,4560231,314.87,2.792,20180213,1,271,16.989130620572812,18.524057355410342
2018-02-14,320.84,326.17,318.52,322.31,3950743,323.66,-0.41700000000000004,20180214,2,272,16.471936927790875,17.5608497080223
2018-02-15,324.5,334.12,322.4,334.065,5912917,322.31,3.647,20180215,3,273,16.039942661626103,16.782069746952665
2018-02-16,332.5,343.12,331.64,335.49,5642637,334.065,0.42700000000000005,20180216,4,274,16.473584237843706,17.319127114025644
2018-02-20,334.47,340.84,331.5,334.77,4009435,335.49,-0.215,20180220,1,275,15.825076579855471,16.25524349882222
2018-02-21,336.03,339.69,333.17,333.3,3219649,334.77,-0.439,20180221,2,276,14.979160527138442,14.957211032312589
2018-02-22,335.53,347.44,334.75,346.17,6969808,333.3,3.861,20180222,3,277,14.771055024670662,14.654916228004245
2018-02-23,347.83,354.99,347.1,352.05,5817387,346.17,1.699,20180223,4,278,15.400050022429642,15.592927397603663
2018-02-26,353.5,359.0,352.355,357.42,4339985,352.05,1.525,20180226,0,279,15.166409111299062,15.224537077923157
2018-02-27,356.25,359.99,350.01,350.99,4797419,357.42,-1.7990000000000002,20180227,1,280,14.694917373907138,14.525265467533407
2018-02-28,352.57,355.24,342.22,343.06,6069658,350.99,-2.259,20180228,2,281,14.740833976279324,14.6152300718623
2018-03-01,345.01,348.67,330.07,330.93,6885601,343.06,-3.536,20180301,3,282,15.302576342073198,15.455866062280661
2018-03-02,326.98,335.22,322.97,335.12,5092829,330.93,1.266,20180302,4,283,15.73779667461276,16.073750587309902
2018-03-05,332.39,337.75,329.29,333.35,3823769,335.12,-0.528,20180305,0,284,15.076178795101452,15.058583842335246
2018-03-06,333.75,336.37,327.03,328.2,4285744,333.35,-1.545,20180306,1,285,14.554707995546021,14.296105996690551
2018-03-07,325.44,332.5,321.74,332.3,5007297,328.2,1.249,20180307,2,286,14.28700726867785,13.937958530465147
2018-03-08,332.86,333.3,326.27,329.1,3566244,332.3,-0.963,20180308,3,287,13.627279335160894,13.016897393069799
2018-03-09,324.1,328.49,322.37,327.17,5506764,329.1,-0.586,20180309,4,288,13.29116303196409,12.605311073993834
2018-03-12,328.78,342.0,326.61,341.84,196975,327.17,4.484,20180312,0,289,13.481966392694813,12.976602930794655
2018-03-13,344.92,345.12,336.26,341.84,5965805,341.84,0.0,20180313,1,290,13.88815126608655,13.639722540022017
2018-03-14,336.76,339.81,323.93,326.63,7967370,341.84,-4.449,20180314,2,291,14.253773878260798,14.209092868019077
2018-03-15,329.38,332.85,321.1,325.6,6564801,326.63,-0.315,20180315,3,292,14.843430798419337,15.079880485616519
2018-03-16,325.96,327.4,319.07,321.35,6117279,325.6,-1.305,20180316,4,293,14.251300725835359,14.179896420867646
2018-03-19,316.61,320.69,310.0,311.54,288308,321.35,-3.053,20180319,0,294,14.373909750759495,14.369243564751963
2018-03-20,314.87,316.25,308.76,310.55,4764293,311.54,-0.318,20180320,1,295,14.211736137054002,14.132011089451714
2018-03-21,310.19,322.37,310.19,321.73,214907,310.55,3.6,20180321,2,296,14.027032851867183,13.871742944191487
2018-03-22,313.89,318.82,308.18,309.1,4939771,321.73,-3.926,20180322,3,297,13.71912077442457,13.440843884965954
2018-03-23,311.25,311.61,300.45,301.54,6654899,309.1,-2.4459999999999997,20180323,4,298,14.40647343129536,14.486064700303839
2018-03-26,307.34,307.59,291.36,304.18,8375175,301.54,0.8759999999999999,20180326,0,299,14.709521301177716,14.919922740263328
2018-03-27,304.0,304.27,277.18,279.18,13872029,304.18,-8.219,20180327,1,300,15.835019364707405,16.542599708228213
2018-03-28,264.58,268.68,252.1,257.78,21001437,279.18,-7.665,20180328,2,301,19.130017604280514,21.280919747131136
2018-03-29,256.49,270.96,248.21,266.13,15170749,257.78,3.239,20180329,3,302,20.20637964025532,22.572797114180318
2018-04-02,256.26,260.33,244.59,252.48,16113968,266.13,-5.129,20180402,0,303,19.80034512750473,21.661757498956273
2018-04-03,269.82,273.35,254.49,267.53,18844384,252.48,5.961,20180403,1,304,19.714859206822464,21.288189832428774
2018-04-04,252.78,288.37,252.0,286.94,19896746,267.53,7.255,20180404,2,305,21.228962915293476,23.299097854771606
2018-04-05,289.67,305.96,289.25,304.25,1018347,286.94,6.0329999999999995,20180405,3,306,22.79269355935801,25.316551474135395
2018-04-06,301.0,309.28,295.5,299.3,13520286,304.25,-1.6269999999999998,20180406,4,307,22.751539599416365,24.919677944250672
2018-04-09,300.37,309.5,289.21,289.66,10249805,299.3,-3.221,20180409,0,308,22.527763272196662,24.30238755168392
2018-04-10,298.97,307.1,293.68,304.7,11024259,289.66,5.192,20180410,1,309,21.699784792905934,22.851402544792734
2018-04-11,300.12,308.93,299.84,301.16,301428,304.7,-1.162,20180411,2,310,21.47889526627809,22.373882205487032
2018-04-12,302.32,303.95,293.68,294.08,7608769,301.16,-2.351,20180412,3,311,20.52808660570724,20.860031244755433
2018-04-13,303.6,303.95,295.98,300.34,7327223,294.08,2.129,20180413,4,312,19.386442368824635,19.141360412121372
2018-04-16,299.0,299.66,289.01,291.21,6338488,300.34,-3.04,20180416,0,313,18.592220335295046,18.009179023838527
2018-04-17,288.01,292.09,282.62,287.64,252873,291.21,-1.226,20180417,1,314,18.512927577540946,17.97062182066006
2018-04-18,291.46,300.21,288.37,293.42,264575,287.64,2.009,20180418,2,315,17.906297797764445,17.153205577905382
2018-04-19,291.08,301.01,288.55,300.08,6090599,293.42,2.27,20180419,3,316,17.49390708887674,16.648778167517996
2018-04-20,295.3,299.95,291.35,292.43,191888,300.08,-2.549,20180420,4,317,16.685370080796975,15.575607745182259
2018-04-23,291.29,291.62,282.33,283.37,4893378,292.43,-3.0980000000000003,20180423,0,318,16.782154618906347,15.86552671249129
2018-04-24,285.0,287.09,278.46,283.46,5685308,283.37,0.032,20180424,1,319,16.526504199005757,15.612789817492455
2018-04-25,283.5,285.16,277.25,280.69,4013574,283.46,-0.977,20180425,2,320,15.74318563545974,14.585751175160132
2018-04-26,278.98,284.93,276.71,284.08,163094,280.69,1.208,20180426,3,321,15.059259668599733,13.736984351805452
2018-04-27,285.17,292.22,284.0,291.9,160877,284.08,2.753,20180427,4,322,14.738417880545194,13.442719771564722
2018-04-30,293.61,298.73,292.5,293.9,4228172,291.9,0.685,20180430,0,323,14.73037989140472,13.603690468689424
2018-05-01,295.38,298.44,293.22,295.74,121717,293.9,0.626,20180501,1,324,13.985799901276993,12.66186507286417
2018-05-02,298.57,306.85,297.78,301.15,8970370,295.74,1.829,20180502,2,325,13.891636273888171,12.700283063148946
2018-05-03,278.79,288.04,275.23,284.45,17352130,301.15,-5.545,20180503,3,326,14.493305703534721,13.741578654729095
2018-05-04,283.0,296.86,279.52,294.09,8569354,284.45,3.389,20180504,4,327,15.142096094122492,14.79336816743188
2018-05-07,297.5,305.959,295.17,302.77,8678224,294.09,2.951,20180507,0,328,15.720905540111366,15.688785745107625
2018-05-08,300.795,307.75,299.0,301.97,5930000,302.77,-0.264,20180508,1,329,15.533550491010324,15.418280979093272
2018-05-09,300.41,307.01,300.05,306.85,5727365,301.97,1.6159999999999999,20180509,2,330,14.754136810009367,14.290510181880832
2018-05-10,307.5,312.99,304.11,305.02,5651561,306.85,-0.596,20180510,3,331,14.414669827281235,13.854442157630052
2018-05-11,307.7,308.88,299.08,301.06,4679649,305.02,-1.298,20180511,4,332,13.99515438843748,13.313849869946047
2018-05-14,303.32,304.94,291.62,291.97,7286804,301.06,-3.0189999999999997,20180514,0,333,13.941049444034071,13.325336553953237
2018-05-15,285.01,286.96,280.5,284.18,9519173,291.97,-2.668,20180515,1,334,14.54277222184917,14.28995834675948
2018-05-16,283.83,288.81,281.56,286.48,5674019,284.18,0.809,20180516,2,335,14.167065656226516,13.772630567191554
2018-05-17,285.9,289.187,283.97,284.54,4420612,286.48,-0.677,20180517,3,336,13.353423323842275,12.631879824899343
2018-05-18,284.65,284.65,274.0,276.82,7251887,284.54,-2.713,20180518,4,337,13.274021203492984,12.611629181579442
2018-05-21,281.33,291.49,281.3,284.49,9182571,276.82,2.7710000000000004,20180521,0,338,12.993655639539073,12.288745290702183
2018-05-22,287.76,288.0,273.42,275.01,8939034,284.49,-3.332,20180522,1,339,13.13786876321734,12.594245918608557
2018-05-23,277.76,279.91,274.0,279.07,5985053,275.01,1.476,20180523,2,340,12.897153421106676,12.313679796127424
2018-05-24,278.4,281.11,274.89,277.85,4176708,279.07,-0.43700000000000006,20180524,3,341,12.29013947373334,11.50118915664377
2018-05-25,277.625,279.64,275.61,278.85,3875082,277.85,0.36,20180525,4,342,11.539217703393938,10.505030602424597
2018-05-29,278.51,286.5,276.15,283.76,5666640,278.85,1.761,20180529,1,343,11.4311070030854,10.484359855434652
2018-05-30,283.29,295.005,281.6,291.72,7489686,283.76,2.805,20180530,2,344,11.860551820986721,11.240445208043354
2018-05-31,287.21,290.37,282.93,284.73,5919721,291.72,-2.396,20180531,3,345,11.45868347362429,10.73371918030424
2018-06-01,285.86,291.95,283.839,291.82,5424386,284.73,2.49,20180601,4,346,11.154348612385716,10.384023289597007
2018-06-04,294.34,299.0,293.548,296.74,4797810,291.82,1.686,20180604,0,347,11.437589647623378,10.902153517650737
2018-06-05,297.61,297.68,286.8,291.09,251916,296.74,-1.9040000000000001,20180605,1,348,11.386899679657617,10.899199715297305
2018-06-06,300.5,322.17,297.48,319.5,18767269,291.09,9.76,20180606,2,349,12.66354516332511,12.836639753257666
2018-06-07,316.15,330.0,313.58,316.09,14345271,319.5,-1.067,20180607,3,350,15.049586512113741,16.31308778615664
2018-06-08,319.0,324.48,317.15,317.66,8205202,316.09,0.49700000000000005,20180608,4,351,14.347805920103404,15.115342748002426
2018-06-11,322.51,334.66,322.5,332.1,13183473,317.66,4.546,20180611,0,352,14.731641745548549,15.575963714935435
2018-06-12,344.7,354.97,338.0,342.77,22347403,332.1,3.213,20180612,1,353,16.784219768680494,18.473835219610695
2018-06-13,346.70599999999996,347.2,339.8,344.78,9469804,342.77,0.586,20180613,2,354,16.631108880618626,18.023990523662597
2018-06-14,348.0,358.64,346.63,357.58,470988,344.78,3.713,20180614,3,355,16.561917164198736,17.73679178717423
2018-06-15,353.84,364.67,351.25,358.17,10848254,357.58,0.165,20180615,4,356,16.864470149271572,18.02388621555099
2018-06-18,355.4,373.73,354.5,370.83,12073226,358.17,3.535,20180618,0,357,17.079518317519614,18.18470138681086
2018-06-19,365.16,370.0,346.25,352.55,12761903,370.83,-4.928999999999999,20180619,1,358,17.68592574319965,18.926741201902747
2018-06-20,358.04,364.38,352.0,362.22,8383656,352.55,2.7430000000000003,20180620,2,359,17.78993249381787,18.913842374982387
2018-06-21,361.81,366.0,346.36,347.0,314360,362.22,-4.202,20180621,3,360,17.958120448925335,19.010663391651402
2018-06-22,351.54,352.25,332.0,333.63,10266059,347.0,-3.853,20180622,4,361,19.072836771750314,20.50524160609789
2018-06-25,330.12,338.47,327.5,333.01,6931304,333.63,-0.18600000000000003,20180625,0,362,19.11166979250029,20.37120939195151
2018-06-26,336.05,343.55,325.79900000000004,342.0,7452487,333.01,2.7,20180626,1,363,18.987972538636622,20.021848139691304
2018-06-27,345.0,350.79,339.5,344.5,8333727,342.0,0.731,20180627,2,364,18.878156853306013,19.72293505439912
2018-06-28,348.66,357.02,346.11,349.93,8398005,344.5,1.5759999999999998,20180628,3,365,18.527415321187274,19.095877047145883
2018-06-29,353.33,353.86,342.41,342.95,6492396,349.93,-1.995,20180629,4,366,17.884013928352065,18.076426774193095
2018-07-02,360.07,364.78,329.85,335.07,18759765,342.95,-2.298,20180702,0,367,19.4336490257746,20.323569870967344
2018-07-03,331.72,332.16,310.0,310.5,432958,335.07,-7.332999999999999,20180703,1,368,20.66240820524964,22.007093888171706
2018-07-05,313.76,314.39,296.22,309.16,17476374,310.5,-0.43200000000000005,20180705,3,369,22.315825641136033,24.25281470308214
2018-07-06,304.95,312.07,302.0,308.9,8865451,309.16,-0.084,20180706,4,370,21.202568764669117,22.36177274267119
2018-07-09,311.99,318.52,308.0,318.51,7596753,308.9,3.111,20180709,0,371,20.231426149699193,20.78286971031503
2018-07-10,324.56,327.677,319.2,322.47,9471498,318.51,1.2429999999999999,20180710,1,372,20.09920559063563,20.515420415606364
2018-07-11,315.8,321.94,315.07,318.96,4884076,322.47,-1.088,20180711,2,373,18.896550536941483,18.696031026858847
2018-07-12,321.43,323.23,312.77,316.71,5721166,318.96,-0.705,20180712,3,374,18.12959139721953,17.597893556611005
2018-07-13,315.58,319.585,309.25,318.87,5875770,316.71,0.682,20180713,4,375,17.42099217929048,16.62950774906287
2018-07-16,311.71,315.16,306.25,310.1,7818655,318.87,-2.75,20180716,0,376,16.788174708445894,15.806906715854494
2018-07-17,308.81,324.74,308.5,322.69,6996232,310.1,4.06,20180717,1,377,16.738340644041724,15.864652487073895
2018-07-18,325.0,325.5,316.25,323.85,5624211,322.69,0.359,20180718,2,378,16.616673312765194,15.802698822130699
2018-07-19,316.33,323.54,314.01,320.23,5915345,323.85,-1.1179999999999999,20180719,3,379,15.972430284331995,14.966338979179943
2018-07-20,321.23,323.24,311.709,313.58,5166547,320.23,-2.077,20180720,4,380,15.62411844030182,14.589627115289295
2018-07-23,301.84,305.5,292.86,303.2,10992947,313.58,-3.31,20180723,0,381,16.691925854819843,16.293676833250732
2018-07-24,304.42,307.717,292.545,297.43,9590784,303.2,-1.903,20180724,1,382,17.08675077710895,16.925853255483972
2018-07-25,296.74,309.62,294.5,308.74,7094180,297.43,3.803,20180725,2,383,16.90795525191723,16.685072821419443
2018-07-26,304.85,310.7,303.64,306.65,4630522,308.74,-0.677,20180726,3,384,16.57723204719748,16.229729778563513
2018-07-27,307.25,307.69,295.34,297.18,5703326,306.65,-3.088,20180727,4,385,16.288392770179527,15.85243247475505
2018-07-30,295.9,296.1,286.13,290.17,6814072,297.18,-2.359,20180730,0,386,16.67308433652684,16.474774811454374
2018-07-31,292.25,298.32,289.07,298.14,5076916,290.17,2.747,20180731,1,387,15.998258487751674,15.511471503260458
2018-08-01,297.99,303.0,293.0,300.84,10129430,298.14,0.9059999999999999,20180801,2,388,15.71023498886515,15.153941969492386
2018-08-02,328.44,349.99,323.16,349.54,23214962,300.84,16.188,20180802,3,389,18.99566817169559,20.046749706893397
2018-08-03,347.81,355.0,342.53,348.17,13656486,349.54,-0.392,20180803,4,390,22.192425610632355,24.59518307930761
2018-08-06,345.46,354.98,341.82,341.99,8564331,348.17,-1.775,20180806,0,391,21.371296009665777,23.0704920020666
2018-08-07,343.84,387.46,339.15,379.57,30875768,341.99,10.989,20180807,1,392,23.820269099696162,26.435759735124385
2018-08-08,369.09,382.64,367.12,370.34,24571163,379.57,-2.432,20180808,2,393,25.350244636087417,28.330991770441123
2018-08-09,365.55,367.01,345.73,352.45,17183811,370.34,-4.831,20180809,3,394,26.122040578261288,29.065526201048968
2018-08-10,354.0,360.0,346.0,355.49,11552044,352.45,0.863,20180810,4,395,25.960036889328446,28.43545604090911
2018-08-13,361.13,363.19,349.02,356.41,10463881,355.49,0.259,20180813,0,396,24.888215353934953,26.533395235454563
2018-08-14,358.45,359.199,347.1,347.64,6986427,356.41,-2.461,20180814,1,397,23.725559412668133,24.60880920406062
2018-08-15,341.906,344.49,332.14,338.69,9101258,347.64,-2.575,20180815,2,398,23.775054011516495,24.563634643519215
2018-08-16,339.91,342.28,333.82,335.45,6064033,338.69,-0.9570000000000001,20180816,3,399,22.870049101378637,23.131150024383327
2018-08-17,323.5,326.77,303.53,305.5,18958612,335.45,-8.927999999999999,20180817,4,400,23.987317364889677,24.734996687798894
2018-08-20,291.7,308.5,288.2,308.44,17402335,305.5,0.9620000000000001,20180820,0,401,26.10210669535425,27.736997129425706
2018-08-21,310.61,324.79,309.0,321.9,13172230,308.44,4.364,20180821,1,402,25.482824268503865,26.610730845502278
2018-08-22,320.87,323.88,314.67,321.64,5945955,321.9,-0.081,20180822,2,403,24.569840244094422,25.121300066101973
2018-08-23,319.14,327.32,318.1,320.1,5147286,321.64,-0.479,20180823,3,404,23.174400221904015,23.001126723955043
2018-08-24,320.7,323.85,319.4,322.82,3602564,320.1,0.85,20180824,4,405,21.472182019912744,20.527643160761045
2018-08-27,318.0,322.435,308.81,319.27,13079288,322.82,-1.1,20180827,0,406,20.758801836284313,19.60729073932624
2018-08-28,318.41,318.88,311.19,311.86,7649091,319.27,-2.3209999999999997,20180828,1,407,19.928910760258468,18.543651974082746
2018-08-29,310.27,311.85,303.69,305.01,7447392,311.86,-2.1959999999999997,20180829,2,408,19.533555236598605,18.14849837753838
2018-08-30,302.26,304.6,297.72,303.15,7216706,305.01,-0.61,20180830,3,409,19.043232033271458,17.614031927199928
2018-08-31,302.0,305.308,298.6,301.66,5375104,303.15,-0.49200000000000005,20180831,4,410,17.921847302974047,16.1598943369066
2018-09-04,296.94,298.19,288.0,288.95,8350469,301.66,-4.213,20180904,1,411,17.669861184521864,16.025241758652392
2018-09-05,285.05,286.78,277.18,280.74,7720821,288.95,-2.841,20180905,2,412,18.2889647132017,17.152542857498748
2018-09-06,284.8,291.17,278.88,280.95,7480760,280.74,0.075,20180906,3,413,17.743604284728818,16.50420380983225
2018-09-07,260.1,268.35,252.255,263.24,22491931,280.95,-6.303999999999999,20180907,4,414,18.72009480429893,18.10164330185463
2018-09-10,273.26,286.03,271.0,285.5,14283528,263.24,8.456,20180910,0,415,18.384631640271753,17.692090861607344
2018-09-11,279.47,282.0,273.55,279.44,9169989,285.5,-2.123,20180911,1,416,18.418756036610684,17.834478746726365
2018-09-12,281.44,292.5,278.64599999999996,290.54,10015427,279.44,3.972,20180912,2,417,18.003778215100628,17.303748247162854
2018-09-13,288.02,295.0,285.18,289.46,6340336,290.54,-0.37200000000000005,20180913,3,418,17.78161655918239,17.071248480874473
2018-09-14,288.76,297.32599999999996,286.52,295.2,6765612,289.46,1.983,20180914,4,419,17.147469599256716,16.235882016757873
2018-09-17,290.04,300.87,288.13,294.84,6887577,295.2,-0.122,20180917,0,420,16.746790544778833,15.769764414523491
2018-09-18,296.69,302.64,275.5,284.96,16547522,294.84,-3.3510000000000004,20180918,1,421,17.69162776798076,17.285795825920356
2018-09-19,280.51,300.0,280.5,299.02,8294917,284.96,4.934,20180919,2,422,17.85602524361887,17.581023049130977
2018-09-20,303.56,305.98,293.33,298.33,7349422,299.02,-0.231,20180920,3,423,18.14365931238079,18.039553309246845
2018-09-21,297.7,300.58,295.37,299.1,5050478,298.33,0.258,20180921,4,424,16.967872102164353,16.32894620134726
2018-09-24,298.48,302.999,293.58,299.68,4842961,299.1,0.19399999999999998,20180924,0,425,16.281611001967597,15.40762004116763
2018-09-25,300.0,304.6,296.5,300.99,4481729,299.68,0.43700000000000006,20180925,1,426,15.537828183606907,14.433270702345283
2018-09-26,301.91,313.89,301.10900000000004,309.58,7843216,300.99,2.8539999999999996,20180926,2,427,15.417116530551727,14.403501275365901
2018-09-27,312.9,314.96,306.91,307.52,8509084,309.58,-0.665,20180927,3,428,15.28556048231975,14.345701105317112
2018-09-28,270.26,278.0,260.555,264.77,33649694,307.52,-13.902000000000001,20180928,4,429,18.352782256654326,18.96960762460817
2018-10-01,305.77,311.44,301.05,310.7,21777597,264.77,17.347,20181001,0,430,17.62889296059484,17.82565994132708
2018-10-02,313.95,316.84,299.15,301.02,11743511,310.7,-3.116,20181002,1,431,20.759902691449856,22.391571949150133
2018-10-03,303.33,304.6,291.57,294.8,7994988,301.02,-2.066,20181003,2,432,20.611729719499873,21.956695689263455
2018-10-04,293.95,294.0,277.67,281.83,9814212,294.8,-4.4,20181004,3,433,20.86066338136352,22.142469597361657
2018-10-05,274.65,274.88,260.0,261.95,17944537,281.83,-7.053999999999999,20181005,4,434,22.127875801239572,23.830140317713443
2018-10-08,264.52,267.76,249.0,250.56,13472653,261.95,-4.348,20181008,0,435,23.10079618294507,25.03012160868499
2018-10-09,255.25,266.77,253.3,262.8,12060574,250.56,4.885,20181009,1,436,22.225269257222788,23.48877206086032
2018-10-10,264.61,265.51,247.77,256.88,12815278,262.8,-2.253,20181010,2,437,21.81751750656617,22.722269119412275
2018-10-11,257.53,262.25,249.03,252.23,8167738,256.88,-1.81,20181011,3,438,21.08592500596925,21.528633236823982
2018-10-12,261.0,261.99,252.01,258.78,7201404,252.23,2.597,20181012,4,439,20.076295459972048,19.98881547191412
2018-10-15,259.06,263.28,254.537,259.59,6199965,258.78,0.313,20181015,0,440,19.255723145429126,18.796973408992226
2018-10-16,265.7,277.375,262.24,276.59,9526401,259.59,6.5489999999999995,20181016,1,441,19.19565740493557,18.770043621126604
2018-10-17,281.62,281.68,266.18,271.89,327880,276.59,-1.699,20181017,2,442,19.458779459032332,19.21270447164305
2018-10-18,269.29,271.0,263.0,263.91,5421184,271.89,-2.935,20181018,3,443,18.92525405366576,18.463010542090647
2018-10-19,267.39,269.66,253.5,260.0,9375549,263.91,-1.482,20181019,4,444,18.8765945942416,18.45327580314522
2018-10-22,260.68,261.86,252.59,260.95,5600260,260.0,0.365,20181022,0,445,18.18963144931055,17.50217236272587
2018-10-23,263.87,297.93,262.1,294.14,19027753,260.95,12.719000000000001,20181023,1,446,19.98421040846414,20.22588271436242
2018-10-24,301.05,304.44,285.73,288.5,20058258,294.14,-1.9169999999999998,20181024,2,447,22.121100371331035,23.32776501911409
2018-10-25,317.6,320.99,301.01,309.29,774998,288.5,7.206,20181025,3,448,22.551000337573665,23.79739634989887
2018-10-26,308.25,339.9,306.65,330.9,27425520,309.29,6.987,20181026,4,449,25.173636670521514,27.477743503245687
2018-10-29,337.47,347.16,326.5,334.85,14486027,330.9,1.194,20181029,0,450,26.32785151865592,28.863377702812922
2018-10-30,328.39,337.9,322.26,329.9,9126704,334.85,-1.4780000000000002,20181030,1,451,25.356228653323562,27.1002606757712
2018-10-31,332.54,342.0,329.1,337.32,7624348,329.9,2.249,20181031,2,452,24.223844230294144,25.20689258566837
2018-11-01,338.26,347.84,334.725,344.28,8000132,337.32,2.063,20181101,3,453,23.652585663903753,24.237973574245903
2018-11-02,343.74,349.2,340.91,346.41,7807971,344.28,0.619,20181102,4,454,22.582350603548853,22.590243764346436
2018-11-05,343.74,349.2,340.91,346.41,7807971,346.41,0.0,20181105,0,455,21.283046003226225,20.683544595766904
2018-11-06,340.5,343.955,330.14,341.4,7831048,346.41,-1.446,20181106,1,456,20.82731454838749,20.095071982998004
2018-11-07,342.925,351.04,341.6,347.98,349500,341.4,1.9269999999999998,20181107,2,457,19.79210413489772,18.67439571859827
2018-11-08,343.34,351.18,340.8,348.16,7374522,347.98,0.052000000000000005,20181108,3,458,18.936458304452472,17.56847628945183
2018-11-09,349.0,354.0,345.23,350.51,5098846,348.16,0.675,20181109,4,459,18.01223482222952,16.395346117524916
2018-11-12,348.37,349.78,330.34,331.28,6941523,350.51,-5.486000000000001,20181112,0,460,18.14203165657229,16.801299968521594
2018-11-13,333.16,344.7,332.2,338.73,5448597,331.28,2.249,20181113,1,461,18.157301505974818,17.002459972718732
2018-11-14,342.97,347.0,337.16,344.25,203499,338.73,1.63,20181114,2,462,17.93572864179528,16.831465309689555
2018-11-15,342.33,348.58,339.04,348.44,4625719,344.25,1.217,20181115,3,463,17.200662401632062,15.900603268397601
2018-11-16,345.19,355.7,345.12,354.31,7206191,348.44,1.685,20181116,4,464,16.67787491057459,15.307189499277905
2018-11-19,356.65,360.93,356.59,358.88,24366,354.31,1.29,20181119,0,465,16.297159009613253,14.931564232707505
2018-11-20,342.85,349.42,333.65,347.17,347350,358.88,-3.263,20181120,1,466,16.69378091783024,15.695355668346515
2018-11-21,352.0,353.1,337.4,338.19,4678085,347.17,-2.5869999999999997,20181121,2,467,17.128891743482043,16.466641579233656
2018-11-23,334.345,337.5,325.55,325.83,4202642,338.19,-3.655,20181123,4,468,17.537174312256404,17.153756035335835
2018-11-26,325.0,346.22,325.0,346.0,7992141,325.83,6.19,20181126,0,469,17.871976647505825,17.69592189729106
2018-11-27,340.05,346.96,335.5,343.92,6358300,346.0,-0.601,20181127,1,470,18.16816058864166,18.15379897765225
2018-11-28,345.99,348.28,342.21,347.87,4127578,343.92,1.149,20181128,2,471,17.06832780785605,16.54262578063195
2018-11-29,345.99,348.28,342.21,347.87,4127578,347.87,0.0,20181129,3,472,16.06847982532368,15.146275676547688
2018-11-30,341.83,351.6,338.265,350.48,5628895,347.87,0.75,20181130,4,473,15.819981659385167,14.904772253008002
2018-12-03,341.83,351.6,338.265,350.48,5628895,350.48,0.0,20181203,0,474,15.5940742358047,14.695469285940273
2018-12-04,356.05,368.68,352.0,359.7,8431116,350.48,2.6310000000000002,20181204,1,475,15.830976578004261,15.162740047814886
2018-12-06,356.01,367.38,350.76,363.06,7842508,359.7,0.934,20181206,3,476,15.928160525458408,15.394374708106216
2018-12-07,369.0,379.49,357.65,357.965,11511177,363.06,-1.403,20181207,4,477,16.465600477689463,16.25379141369206
2018-12-10,360.0,365.98,353.12,365.15,6613455,357.965,2.0069999999999997,20181210,0,478,16.137818616081333,15.801285891866454
2018-12-11,369.91,372.16900000000004,360.23,366.76,6308769,365.15,0.441,20181211,1,479,15.962016923710298,15.588314439617587
2018-12-12,369.42,371.91,365.16,366.6,5027048,366.76,-0.044000000000000004,20181212,2,480,15.125469930645718,14.411205847668565
2018-12-13,370.15,377.44,366.75,376.79,7365854,366.6,2.78,20181213,3,481,14.722245391496106,13.915045067979422
2018-12-14,375.0,377.87,364.33,365.71,6337555,376.79,-2.9410000000000003,20181214,4,482,14.614768537723736,13.865039058915501
2018-12-17,362.0,365.7,343.88,348.42,7674008,365.71,-4.728,20181217,0,483,16.277971397930678,16.404367184393447
2018-12-18,350.54,351.55,333.69,337.03,7099999,348.42,-3.2689999999999997,20181218,1,484,17.70906490720971,18.48645155980766
2018-12-19,337.6,347.01,329.74,332.97,8274181,337.03,-1.205,20181219,2,485,17.79733173382701,18.51225801849997
2018-12-20,327.05,330.29,311.869,315.38,9071858,332.97,-5.2829999999999995,20181220,3,486,18.466756121660914,19.398756949366636
2018-12-21,317.4,323.47,312.44,319.77,8016801,315.38,1.392,20181221,4,487,18.654323746964465,19.549589356117746
2018-12-24,313.5,314.5,295.195,295.39,5559913,319.77,-7.624,20181224,0,488,18.79347613360406,19.634310775302048
2018-12-26,300.0,326.97,294.09,326.09,8163138,295.39,10.392999999999999,20181226,2,489,20.074069212367334,21.40040267192845
2018-12-27,300.0,326.97,294.09,326.09,8163138,326.09,0.0,20181227,3,490,21.238244738515764,22.931015649004664
2018-12-28,300.0,326.97,294.09,326.09,8163138,326.09,0.0,20181228,4,491,22.29658612592343,24.257546895804047
2018-12-31,300.0,326.97,294.09,326.09,8163138,326.09,0.0,20181231,0,492,23.258714659930394,25.407207309696847
